John Hillnob,john.hillnob@ninjamail.org,Oxford,male,52
Linda Mellonson,linda.mellonson@ninyahoo.co,Leicester,male,95
Mary Nipson,mary.nipson@ninyahoo.co,Oxford,male,54
Jason Castlenob,jason.castlenob@ninjamail.org,Cambridge,female,101
Diana Castlebutter,diana.castlebutter@ninjamail.org,Cambridge,male,67
Mary Gradnip,mary.gradnip@hotsumo.com,Oxford,male,76
John Nipwhale,john.nipwhale@ninyahoo.co,Newcastle,male,88
John Hillwhale,john.hillwhale@hotsumo.com,Newcastle,male,46
Tim Nobwhale,tim.nobwhale@hotsumo.com,Leicester,female,71
Tim Whalenob,tim.whalenob@dojobox.net,Newcastle,female,22
Anna Castlemellon,anna.castlemellon@ninjamail.org,London,female,57
Diana Castlecastle,diana.castlecastle@ninjamail.org,Newcastle,female,96
Diana Nobsmith,diana.nobsmith@ninyahoo.co,Leicester,female,57
Carol Whalenob,carol.whalenob@ninyahoo.co,London,female,30
Anna Gradhill,anna.gradhill@hotsumo.com,London,female,25
John Castlebutter,john.castlebutter@ninyahoo.co,London,female,64
Mary Nobmellon,mary.nobmellon@ninjamail.org,London,female,68
Carol Smithgrad,carol.smithgrad@dojobox.net,Newcastle,female,36
David Hillcastle,david.hillcastle@ninyahoo.co,London,male,24
Maggie Smithgrad,maggie.smithgrad@dojobox.net,Newcastle,male,50
Anna Nipsmith,anna.nipsmith@ninyahoo.co,London,female,65
Diana Underbutter,diana.underbutter@ninyahoo.co,Leicester,male,91
Maggie Butterson,maggie.butterson@ninjamail.org,Leicester,male,50
Mary Scotchnob,mary.scotchnob@dojobox.net,Leicester,female,96
Tim Butternip,tim.butternip@ninyahoo.co,Oxford,female,79
John Whalescotch,john.whalescotch@hotsumo.com,Oxford,female,69
Diana Melloncastle,diana.melloncastle@ninyahoo.co,Newcastle,female,71
Diana Scotchcastle,diana.scotchcastle@ninyahoo.co,Oxford,female,63
Carol Smithsmith,carol.smithsmith@ninjamail.org,Newcastle,male,66
Mary Castlenob,mary.castlenob@ninjamail.org,Newcastle,female,27
